"primer","accession"
"AAGAC14N","ERR1537724"
"AATTC14N","ERR1537725"
"AGAGT14N","ERR1537726"
"AGATA14N","ERR1537727"
"AGCAG14N","ERR1537728"
"AGGGC14N","ERR1537729"
"AGGTG14N","ERR1537730"
"ATTAC14N","ERR1537731"
"CAATT14N","ERR1537732"
"CACGT14N","ERR1537733"
"CATAT14N","ERR1537734"
"CATTG14N","ERR1537735"
"CCATA14N","ERR1537736"
"CCCCT14N","ERR1537737"
"CCTGG14N","ERR1537738"
"CTACA14N","ERR1537739"
"GACAG14N","ERR1537740"
"GGCTT14N","ERR1537741"
"GTGCT14N","ERR1537742"
"TAAAAT20NAAA","ERR1537743"
"TAAAAT20NCG","ERR1537744"
"TAAAAT20NTA","ERR1537745"
"TAAAAT40NAAA","ERR1537746"
"TAAACA20NCAA","ERR1537747"
"TAAAGC20NCG","ERR1537748"
"TAAATG20NCG","ERR1537749"
"TAAATG20NTAA","ERR1537750"
"TAAATG30NTAA","ERR1537751"
"TAACAA20NACA","ERR1537752"
"TAACAA20NCG","ERR1537753"
"TAACCC20NCCA","ERR1537754"
"TAACCC20NCG","ERR1537755"
"TAACGG20NGCA","ERR1537756"
"TAACTT20NCG","ERR1537757"
"TAACTT20NTCA","ERR1537758"
"TAAGAC20NAGA","ERR1537759"
"TAAGGT20NGGA","ERR1537760"
"TAAGGT20NTA","ERR1537761"
"TAAGTA20NCG","ERR1537762"
"TAAGTA30NTGA","ERR1537763"
"TAAGTA40NTGA","ERR1537764"
"TAATAG20NCG","ERR1537765"
"TAATAG20NTA","ERR1537766"
"TAATAG40NATA","ERR1537767"
"TAATCT20NCG","ERR1537768"
"TAATCT20NCTA","ERR1537769"
"TAATGA20NCG","ERR1537770"
"TAATTC20NCG","ERR1537771"
"TAATTC20NTTA","ERR1537772"
"TACAAA20NAAC","ERR1537773"
"TACACC20NCAC","ERR1537774"
"TACACC20NCG","ERR1537775"
"TACACC40NCAC","ERR1537776"
"TACAGG20NCG","ERR1537777"
"TACAGG20NGAC","ERR1537778"
"TACATT20NCG","ERR1537779"
"TACATT20NTAC","ERR1537780"
"TACCAC20NACC","ERR1537781"
"TACCAC30NACC","ERR1537782"
"TACCCG20NCCC","ERR1537783"
"TACCCG20NCG","ERR1537784"
"TACCGT20NCG","ERR1537785"
"TACCGT20NGCC","ERR1537786"
"TACCGT20NTA","ERR1537787"
"TACCGT40NGCC","ERR1537788"
"TACCTA20NCG","ERR1537789"
"TACCTA30NTCC","ERR1537790"
"TACCTA40NTCC","ERR1537791"
"TACGAG20NAGC","ERR1537792"
"TACGAG20NCG","ERR1537793"
"TACGAG40NAGC","ERR1537794"
"TACGGA30NGGC","ERR1537795"
"TACGGA40NGGC","ERR1537796"
"TACGTC20NTGC","ERR1537797"
"TACGTC40NTGC","ERR1537798"
"TACTAT20NATC","ERR1537799"
"TACTAT40NATC","ERR1537800"
"TACTCA20NCG","ERR1537801"
"TACTCA20NTA","ERR1537802"
"TACTCA40NCTC","ERR1537803"
"TACTGC20NCG","ERR1537804"
"TACTGC20NGTC","ERR1537805"
"TACTGC30NGTC","ERR1537806"
"TACTGC40NGTC","ERR1537807"
"TACTTG20NCG","ERR1537808"
"TACTTG40NTTC","ERR1537809"
"TAGAAC20NAAT","ERR1537810"
"TAGAAC20NCG","ERR1537811"
"TAGAAC40NAAT","ERR1537812"
"TAGACG20NCAT","ERR1537813"
"TAGACG20NCG","ERR1537814"
"TAGACG20NTA","ERR1537815"
"TAGACG30NCAT","ERR1537816"
"TAGAGT20NCG","ERR1537817"
"TAGAGT20NGAT","ERR1537818"
"TAGATA20NCG","ERR1537819"
"TAGATA20NTAT","ERR1537820"
"TAGCAG20NCG","ERR1537821"
"TAGCAG40NACT","ERR1537822"
"TAGCCT20NCG","ERR1537823"
"TAGCCT40NCCT","ERR1537824"
"TAGCGA20NCG","ERR1537825"
"TAGCGA20NGCT","ERR1537826"
"TAGCGA40NGCT","ERR1537827"
"TAGCTC20NCG","ERR1537828"
"TAGCTC20NTCT","ERR1537829"
"TAGCTC40NTCT","ERR1537830"
"TAGGAT20NAGT","ERR1537831"
"TAGGAT20NCG","ERR1537832"
"TAGGAT30NAGT","ERR1537833"
"TAGGCA20NCG","ERR1537834"
"TAGGCA20NCGT","ERR1537835"
"TAGGCA40NCGT","ERR1537836"
"TAGGGC20NCG","ERR1537837"
"TAGGGC20NGGT","ERR1537838"
"TAGGGC40NGGT","ERR1537839"
"TAGTAA20NATT","ERR1537840"
"TAGTAA40NATT","ERR1537841"
"TAGTCC20NCG","ERR1537842"
"TAGTCC20NCTT","ERR1537843"
"TAGTGG20NCG","ERR1537844"
"TAGTGG20NGTT","ERR1537845"
"TAGTTT20NCG","ERR1537846"
"TAGTTT20NTTT","ERR1537847"
"TAGTTT30NTTT","ERR1537848"
"TAGTTT40NTTT","ERR1537849"
"TATAAG20NCG","ERR1537850"
"TATAAG20NTA","ERR1537851"
"TATAAG40NAAG","ERR1537852"
"TATAGA20NCG","ERR1537853"
"TATAGA20NGAG","ERR1537854"
"TATATC20NCG","ERR1537855"
"TATATC40NTAG","ERR1537856"
"TATCAT20NACG","ERR1537857"
"TATCAT20NCG","ERR1537858"
"TATCGC20NCG","ERR1537859"
"TATCGC20NGCG","ERR1537860"
"TATCGC30NGCG","ERR1537861"
"TATCTG20NCG","ERR1537862"
"TATCTG20NTCG","ERR1537863"
"TATGAA20NAGG","ERR1537864"
"TATGAA20NCG","ERR1537865"
"TATGAA30NAGG","ERR1537866"
"TATGGG20NCG","ERR1537867"
"TATGGG20NGGG","ERR1537868"
"TATGTT20NCG","ERR1537869"
"TATGTT20NTGG","ERR1537870"
"TATTCG20NCTG","ERR1537871"
"TATTGT20NCG","ERR1537872"
"TATTGT20NGTG","ERR1537873"
"TATTTA20NCG","ERR1537874"
"TATTTA20NTTG","ERR1537875"
"TATTTA30NTTG","ERR1537876"
"TCAAAA20NAAA","ERR1537877"
"TCAAAA20NCG","ERR1537878"
"TCAAAA20NTA","ERR1537879"
"TCAAAA40NAAA","ERR1537880"
"TCAACC20NCAA","ERR1537881"
"TCAACC20NCG","ERR1537882"
"TCAAGG20NCG","ERR1537883"
"TCAAGG20NGAA","ERR1537884"
"TCAAGG40NGAA","ERR1537885"
"TCAATT20NTA","ERR1537886"
"TCAATT20NTAA","ERR1537887"
"TCACAC20NACA","ERR1537888"
"TCACAC20NCG","ERR1537889"
"TCACCG40NCCA","ERR1537890"
"TCACGT20NGCA","ERR1537891"
"TCACGT30NGCA","ERR1537892"
"TCACTA20NTCA","ERR1537893"
"TCAGAG20NAGA","ERR1537894"
"TCAGAG20NCG","ERR1537895"
"TCAGCT20NCG","ERR1537896"
"TCAGGA20NCG","ERR1537897"
"TCAGGA20NGGA","ERR1537898"
"TCAGTC20NCG","ERR1537899"
"TCATAT20NATA","ERR1537900"
"TCATAT20NCG","ERR1537901"
"TCATCA20NCG","ERR1537902"
"TCATCA20NCTA","ERR1537903"
"TCATGC20NCG","ERR1537904"
"TCATGC20NGTA","ERR1537905"
"TCATTG20NCG","ERR1537906"
"TCATTG20NTTA","ERR1537907"
"TCCAAC20NAAC","ERR1537908"
"TCCAAC20NCG","ERR1537909"
"TCCAAC20NTA","ERR1537910"
"TCCACG20NCAC","ERR1537911"
"TCCACG20NCG","ERR1537912"
"TCCAGT20NGAC","ERR1537913"
"TCCAGT30NGAC","ERR1537914"
"TCCAGT40NGAC","ERR1537915"
"TCCATA20NTAC","ERR1537916"
"TCCCAG20NACC","ERR1537917"
"TCCCCT20NCCC","ERR1537918"
"TCCCCT20NCG","ERR1537919"
"TCCCGA20NGCC","ERR1537920"
"TCCCGA30NGCC","ERR1537921"
"TCCCTC20NCG","ERR1537922"
"TCCCTC20NTCC","ERR1537923"
"TCCCTC30NTCC","ERR1537924"
"TCCGAT20NCG","ERR1537925"
"TCCGCA20NCG","ERR1537926"
"TCCGGC20NCG","ERR1537927"
"TCCGGC20NGGC","ERR1537928"
"TCCGTG20NCG","ERR1537929"
"TCCGTG20NTGC","ERR1537930"
"TCCGTG30NTGC","ERR1537931"
"TCCGTG40NTGC","ERR1537932"
"TCCTAA20NATC","ERR1537933"
"TCCTAA20NCG","ERR1537934"
"TCCTAA40NATC","ERR1537935"
"TCCTCC20NCTC","ERR1537936"
"TCCTGG20NCG","ERR1537937"
"TCCTTT20NTTC","ERR1537938"
"TCGAAG30NAAT","ERR1537939"
"TCGACT20NCAT","ERR1537940"
"TCGACT30NCAT","ERR1537941"
"TCGATC20NGA","ERR1537942"
"TCGATC20NTAT","ERR1537943"
"TCGCAT20NACT","ERR1537944"
"TCGCAT20NGA","ERR1537945"
"TCGCAT30NACT","ERR1537946"
"TCGCCA20NCCT","ERR1537947"
"TCGCCA30NCCT","ERR1537948"
"TCGCCA40NCCT","ERR1537949"
"TCGCGC20NGA","ERR1537950"
"TCGCGC20NGCT","ERR1537951"
"TCGCTG20NGA","ERR1537952"
"TCGCTG20NTCT","ERR1537953"
"TCGGAA20NAGT","ERR1537954"
"TCGGAA20NGA","ERR1537955"
"TCGGCC20NGA","ERR1537956"
"TCGGCC40NCGT","ERR1537957"
"TCGGGG20NGA","ERR1537958"
"TCGGGG20NGGT","ERR1537959"
"TCGGTT20NCG","ERR1537960"
"TCGGTT20NGA","ERR1537961"
"TCGGTT30NTGT","ERR1537962"
"TCGTAC20NATT","ERR1537963"
"TCGTAC40NATT","ERR1537964"
"TCGTCG20NGA","ERR1537965"
"TCGTGT20NCG","ERR1537966"
"TCGTGT20NGTT","ERR1537967"
"TCGTGT30NGTT","ERR1537968"
"TCGTGT40NGTT","ERR1537969"
"TCGTTA20NGA","ERR1537970"
"TCGTTA20NTTT","ERR1537971"
"TCTAAT20NAAG","ERR1537972"
"TCTAAT20NCG","ERR1537973"
"TCTAAT20NGA","ERR1537974"
"TCTAAT30NAAG","ERR1537975"
"TCTACA20NCAG","ERR1537976"
"TCTACA40NCAG","ERR1537977"
"TCTATG20NGA","ERR1537978"
"TCTATG20NTAG","ERR1537979"
"TCTATG40NTAG","ERR1537980"
"TCTCAA20NGA","ERR1537981"
"TCTCCC20NCCG","ERR1537982"
"TCTCCC20NGA","ERR1537983"
"TCTCGG20NGA","ERR1537984"
"TCTCTT20NGA","ERR1537985"
"TCTCTT20NTCG","ERR1537986"
"TCTGAC20NGA","ERR1537987"
"TCTGAC30NAGG","ERR1537988"
"TCTGGT20NGGG","ERR1537989"
"TCTGTA30NTGG","ERR1537990"
"TCTGTA40NTGG","ERR1537991"
"TCTTAG20NATG","ERR1537992"
"TCTTCT20NCTG","ERR1537993"
"TCTTCT20NGA","ERR1537994"
"TCTTCT30NCTG","ERR1537995"
"TCTTGA20NGA","ERR1537996"
"TCTTGA20NGTG","ERR1537997"
"TCTTTC20NGA","ERR1537998"
"TCTTTC20NTTG","ERR1537999"
"TCTTTC30NTTG","ERR1538000"
"TGAAAC20NAAA","ERR1538001"
"TGAAAC20NGA","ERR1538002"
"TGAACG20NGA","ERR1538003"
"TGAACG30NCAA","ERR1538004"
"TGAAGT30NGAA","ERR1538005"
"TGAATA20NGA","ERR1538006"
"TGAATA20NTAA","ERR1538007"
"TGACAG20NGA","ERR1538008"
"TGACCT20NCCA","ERR1538009"
"TGACCT20NGA","ERR1538010"
"TGACGA20NGA","ERR1538011"
"TGACGA20NGCA","ERR1538012"
"TGACGA30NGCA","ERR1538013"
"TGACTC20NGA","ERR1538014"
"TGACTC20NTCA","ERR1538015"
"TGAGAT20NAGA","ERR1538016"
"TGAGAT20NCG","ERR1538017"
"TGAGAT20NGA","ERR1538018"
"TGAGCA20NCGA","ERR1538019"
"TGAGCA20NGA","ERR1538020"
"TGAGCA30NCGA","ERR1538021"
"TGAGGC20NGA","ERR1538022"
"TGAGGC20NGGA","ERR1538023"
"TGAGGC30NGGA","ERR1538024"
"TGAGTG20NGA","ERR1538025"
"TGAGTG20NTGA","ERR1538026"
"TGAGTG30NTGA","ERR1538027"
"TGATAA20NATA","ERR1538028"
"TGATAA20NGA","ERR1538029"
"TGATCC20NCG","ERR1538030"
"TGATCC20NCTA","ERR1538031"
"TGATCC30NCTA","ERR1538032"
"TGATGG20NGA","ERR1538033"
"TGATGG20NGTA","ERR1538034"
"TGATTT20NGA","ERR1538035"
"TGATTT20NTTA","ERR1538036"
"TGCAAG20NAAC","ERR1538037"
"TGCAAG20NCG","ERR1538038"
"TGCAAG20NGA","ERR1538039"
"TGCACT20NGA","ERR1538040"
"TGCACT30NCAC","ERR1538041"
"TGCAGA20NCG","ERR1538042"
"TGCAGA20NGA","ERR1538043"
"TGCAGA30NGAC","ERR1538044"
"TGCATC20NGA","ERR1538045"
"TGCATC30NTAC","ERR1538046"
"TGCCAT20NACC","ERR1538047"
"TGCCAT20NCG","ERR1538048"
"TGCCAT20NGA","ERR1538049"
"TGCCGC20NCG","ERR1538050"
"TGCCGC20NGA","ERR1538051"
"TGCCTG20NGA","ERR1538052"
"TGCCTG20NTCC","ERR1538053"
"TGCCTG30NTCC","ERR1538054"
"TGCGAA20NAGC","ERR1538055"
"TGCGAA20NGA","ERR1538056"
"TGCGAA30NAGC","ERR1538057"
"TGCGCC20NCG","ERR1538058"
"TGCGCC20NCGC","ERR1538059"
"TGCGCC20NGA","ERR1538060"
"TGCGGG20NGA","ERR1538061"
"TGCGGG20NGGC","ERR1538062"
"TGCGGG30NGGC","ERR1538063"
"TGCGTT20NGA","ERR1538064"
"TGCGTT20NTGC","ERR1538065"
"TGCGTT30NTGC","ERR1538066"
"TGCTAC20NGA","ERR1538067"
"TGCTCG20NCG","ERR1538068"
"TGCTCG20NCTC","ERR1538069"
"TGCTCG20NGA","ERR1538070"
"TGCTCG40NCTC","ERR1538071"
"TGCTGT20NCG","ERR1538072"
"TGCTGT20NGA","ERR1538073"
"TGCTGT20NGTC","ERR1538074"
"TGCTTA20NGA","ERR1538075"
"TGGAAT20NAAT","ERR1538076"
"TGGAAT20NGA","ERR1538077"
"TGGAAT30NAAT","ERR1538078"
"TGGACA20NCAT","ERR1538079"
"TGGACA20NGA","ERR1538080"
"TGGAGC20NGA","ERR1538081"
"TGGAGC20NGAT","ERR1538082"
"TGGAGC30NGAT","ERR1538083"
"TGGAGC40NGAT","ERR1538084"
"TGGATG20NGA","ERR1538085"
"TGGATG30NTAT","ERR1538086"
"TGGATG40NTAT","ERR1538087"
"TGGCAA20NGA","ERR1538088"
"TGGCAA30NACT","ERR1538089"
"TGGCCC20NCCT","ERR1538090"
"TGGCCC20NCG","ERR1538091"
"TGGCCC20NGA","ERR1538092"
"TGGCGG20NGA","ERR1538093"
"TGGCGG20NGCT","ERR1538094"
"TGGCTT20NGA","ERR1538095"
"TGGGAC20NAGT","ERR1538096"
"TGGGAC20NGA","ERR1538097"
"TGGGCG20NCGT","ERR1538098"
"TGGGCG20NGA","ERR1538099"
"TGGGCG30NCGT","ERR1538100"
"TGGGGT20NCG","ERR1538101"
"TGGGGT20NGA","ERR1538102"
"TGGGGT20NGGT","ERR1538103"
"TGGGTA20NCG","ERR1538104"
"TGGGTA20NGA","ERR1538105"
"TGGTAG20NATT","ERR1538106"
"TGGTAG20NCG","ERR1538107"
"TGGTCT20NCTT","ERR1538108"
"TGGTCT20NGA","ERR1538109"
"TGGTGA20NGA","ERR1538110"
"TGGTGA20NGTT","ERR1538111"
"TGGTGA30NGTT","ERR1538112"
"TGGTTC20NGA","ERR1538113"
"TGGTTC20NTTT","ERR1538114"
"TGGTTC30NTTT","ERR1538115"
"TGGTTC40NTTT","ERR1538116"
"TGTAAA20NAAG","ERR1538117"
"TGTAAA20NGA","ERR1538118"
"TGTAAA30NAAG","ERR1538119"
"TGTAAA40NAAG","ERR1538120"
"TGTACC30NCAG","ERR1538121"
"TGTAGG20NGA","ERR1538122"
"TGTATT20NGA","ERR1538123"
"TGTATT30NTAG","ERR1538124"
"TGTCCG20NGA","ERR1538125"
"TGTCGT20NGA","ERR1538126"
"TGTCGT20NGCG","ERR1538127"
"TGTCTA20NTCG","ERR1538128"
"TGTGAG20NGA","ERR1538129"
"TGTGCT20NCGG","ERR1538130"
"TGTGGA20NGA","ERR1538131"
"TGTGGA20NGGG","ERR1538132"
"TGTGTC20NGA","ERR1538133"
"TGTGTC20NTGG","ERR1538134"
"TGTTAT20NGA","ERR1538135"
"TGTTCA20NCTG","ERR1538136"
"TGTTCA20NGA","ERR1538137"
"TGTTCA40NCTG","ERR1538138"
"TGTTGC20NGTG","ERR1538139"
"TGTTTG20NTTG","ERR1538140"
"TGTTTG40NTTG","ERR1538141"
"TTAAAG20NTA","ERR1538142"
"TTAAGA20NGAA","ERR1538143"
"TTACAT20NACA","ERR1538144"
"TTACAT20NTA","ERR1538145"
"TTAGAA20NTA","ERR1538146"
"TTATCG20NTA","ERR1538147"
"TTATGT20NGTA","ERR1538148"
"TTATTA20NTA","ERR1538149"
"TTCACA20NTA","ERR1538150"
"TTCAGC20NTA","ERR1538151"
"TTCATG20NTA","ERR1538152"
"TTCCCC20NTA","ERR1538153"
"TTCCTT20NGA","ERR1538154"
"TTCGTA20NTGC","ERR1538155"
"TTCTCT20NCTC","ERR1538156"
"TTCTCT20NTA","ERR1538157"
"TTGAGG20NGAT","ERR1538158"
"TTGATT20NTA","ERR1538159"
"TTGCAC20NACT","ERR1538160"
"TTGCAC20NTA","ERR1538161"
"TTGCCG20NCCT","ERR1538162"
"TTGCGT20NTA","ERR1538163"
"TTGGGA20NTA","ERR1538164"
