tf,primer,motif
ELF3,TCCGTG20NTGC,CGGAA
ELF5,TCTCGG20NGA,GGAAG
ELF5,TGCCGC20NCG,GGAAG
Elf5,TATTGT20NCG,GGAAG
ELK1,TCGGAA20NAGT,CGGAA
ELK1,TGAGTG20NTGA,CGGAA
Elk3,TGAGTG20NTGA,CGGAA
ERG,TCTACA20NCAG,CGGAA
ERG,TGCAAG20NAAC,CGGAA
ETS1,TGTAAA20NGA,CGGAA
ETS1,TGTACC30NCAG,CGGAA
ETV1,TCGTTA20NTTT,CGGAA
ETV4,TCTATG20NTAG,CGGAA
ETV6,TGAGTG20NGA,CGGAA
FEV,TGATCC20NCTA,CGGAA
FLI1,TAGGAT20NAGT,CGGAA
FLI1,TCTAAT20NCG,CCGGA
SPI1,TCCCCT20NCG,GGAAG
BHLHA15,TCCGTG20NCG,CATATG
BHLHB3,TCAAAA20NCG,CACGTG
BHLHE22,TCTTGA20NGTG,CATATG
Bhlhb2,TAATTC20NCG,CACGTG
OLIG1,TGCCTG20NTCC,CATATG
OLIG2,TCTTTC20NGA,CATATG
SREBF2,TGAGAT20NGA,CACGTG
BHLHE41,TGTGCT20NCGG,CACGTG
Bhlhb2,TCAAGG20NGAA,CACGTG
MAX,TGACCT20NGA,CACGTG
TCF3,TACCCG20NCCC,CACCTG
TCF4,TGCGAA20NGA,CACCTG
TFAP4,TCACGT20NGCA,CAGCTG
USF1,TGACGA20NGCA,CACGTG
ALX3,TGCAAG20NGA,TAAT
CDX1,TCAACC20NCAA,ATAA
DUXA,TTCACA20NTA,AATC
EMX1,TCGCAT30NACT,TAAT
GSX1,TCACAC20NCG,TAAT
HESX1,TCTTCT20NCTG,TAAT
HMX3,TGCACT30NCAC,TAAT
HNF1B,TCGACT20NCAT,TAAT
HOXA1,TGGAAT20NAAT,TAAT
HOXC13,TCCCTC20NTCC,TAAA
Hoxa11,TCCCCT20NCG,TAAA
IRX2,TGCATC30NTAC,ACAT
ISL2,TCTAAT30NAAG,TAAT
LMX1A,TCTGGT20NGGG,TAAT
MSX2,TGCGGG20NGA,TAAT
NKX2-8,TAGGCA20NCG,CACT
NKX2-8,TGTTGC20NGTG,CACT
NKX6-2,TGGCAA20NGA,TAAT
PROP1,TCCCGA30NGCC,TAAT
ALX4,TGTGTC20NGA,TAAT
ARX,TGCGTT20NTGC,TAAT
Alx1,TAAAGC20NCG,TAAT
Alx4,TGGTAG20NCG,TAAT
Arx,TCGCAT20NACT,TAAT
BARHL2,TCCAGT40NGAC,TAAT
BARX1,TATTCG20NCTG,TAAT
BSX,TATGAA20NCG,TAAT
Barhl1,TCAGTC20NCG,TAAA
CART1,TGCGCC20NGA,TAAT
DLX1,TCTTGA20NGA,TAAT
DLX2,TTCATG20NTA,TAAT
DLX3,TATGTT20NCG,TAAT
DLX4,TCTTCT20NGA,TAAT
DLX6,TGCGGG20NGA,TAAT
DPRX,TCGAAG30NAAT,TAAT
Dlx1,TGAGAT20NCG,TAAT
EMX2,TGGTTC30NTTT,TAAT
ESX1,TCTCGG20NGA,TAAT
ESX1,TCTTCT20NGA,TAAT
EVX2,TCAAGG20NGAA,TAAT
GBX1,TAGTCC20NCG,TAAT
GBX2,TCCCGA20NGCC,TAAT
GBX2,TGATTT20NGA,TAAT
GSC,TGGGAC20NGA,TAAT
GSX2,TCCAAC20NCG,TAAT
Gbx1,TCGGTT20NCG,TAAT
Gbx2,TACACC20NCAC,TAAT
HMX2,TAGTGG20NCG,TAAT
HOMEZ,TCGATC20NTAT,ACGA
HOXA10,TAGGAT30NAGT,TAAA
HOXA2,TTATTA20NTA,TAAT
HOXB13,TGCCTG20NGA,TAAA
HOXB2,TAACAA20NACA,TAAT
HOXB3,TACATT20NTAC,TAAT
HOXC10,TGGACA20NGA,TAAA
HOXC12,TCATGC20NGTA,TAAA
HOXD12,TCAGTC20NCG,TAAA
Hoxa2,TACCGT20NCG,TAAT
Hoxc10,TATAGA20NGAG,TAAA
ISX,TATTTA20NCG,TAAT
ISX,TGAGTG20NTGA,TAAT
Irx3,TACTGC20NCG,ACAT
LBX2,TAATTC20NTTA,TAAT
LHX2,TCCAGT30NGAC,TAAT
LHX9,TATTGT20NGTG,TAAT
LMX1B,TGAGGC20NGGA,TAAT
Lhx8,TGCTCG40NCTC,TAAT
MEOX2,TAGTTT30NTTT,TAAT
MIXL1,TGATTT20NTTA,TAAT
MSX1,TGCGAA30NAGC,TAAT
Meox2,TACGTC20NTGC,TAAT
NKX2-3,TGGAAT20NGA,CACT
NKX3-1,TCCCTC20NCG,CACT
NKX3-2,TCCAGT20NGAC,ACTT
NKX6-1,TGCGGG30NGGC,TAAT
NKX6-2,TTACAT20NTA,TAAT
OTX1,TGATAA20NGA,TAAT
PDX1,TGGAAT30NAAT,TAAT
PHOX2A,TGACTC20NGA,TAAT
PHOX2B,TGCTGT20NGA,TAAT
PHOX2B,TGGTCT20NGA,TAAT
PITX1,TCATGC20NCG,TAAT
PITX1,TCTCTT20NTCG,TAAT
PITX1,TGAGCA20NCGA,TAAT
PITX3,TGCATC20NGA,TAAT
PROP1,TGTATT20NGA,TAAT
PRRX1,TTCCCC20NTA,TAAT
PRRX2,TGGGGT20NGA,TAAT
Prrx2,TATGAA20NAGG,TAAT
RAXL1,TACTCA20NTA,TAAT
Rhox11,TGGCCC20NCG,TGTT
SHOX,TAAGGT20NGGA,TAAT
SHOX2,TACGTC20NTGC,TAAT
Shox2,TCCCAG20NACC,TAAT
UNCX,TGCAAG20NGA,TAAT
VAX1,TGCCAT20NACC,TAAT
VAX2,TGGTAG20NATT,TAAT
VSX1,TCGGGG20NGGT,TAAT
Vsx1,TGCAGA20NCG,TAAT
